1,Anthony,Gillan,1981-02-09,anthony.gillan_0001@example.com
2,Benedict,Lilly,1969-04-06,benedict.lilly_0002@example.com
3,Brie,Boseman,1989-10-01,brie.boseman_0003@example.com
4,Chadwick,Hemsworth,1979-08-03,chadwick.hemsworth_0004@example.com
5,Chris,Mackie,1968-02-12,chris.mackie_0005@example.com
6,Chris,Brolin,1989-02-16,chris.brolin_0006@example.com
7,Don,Hiddleston,1978-09-23,don.hiddleston_0007@example.com
8,Elizabeth,Olsen,1967-11-22,elizabeth.olsen_0008@example.com
9,Evangeline,Cheadle,1987-11-28,evangeline.cheadle_0009@example.com
10,Jeremy,Holland,1978-06-19,jeremy.holland_0010@example.com
11,Josh,Renner,1965-04-04,josh.renner_0011@example.com
12,Karen,Cumberbatch,1984-11-22,karen.cumberbatch_0012@example.com
13,Mark,Jackson,1976-11-29,mark.jackson_0013@example.com
14,Paul,Rudd,1964-11-29,paul.rudd_0014@example.com
15,Robert,Downey,1983-08-11,robert.downey_0015@example.com
16,Samuel,Johansson,1976-07-19,samuel.johansson_0016@example.com
17,Scarlett,Ruffalo,1948-12-21,scarlett.ruffalo_0017@example.com
18,Tom,Evans,1981-06-13,tom.evans_0018@example.com
19,Tom,Larson,1971-01-07,tom.larson_0019@example.com
20,Zoe,Saldana,1996-06-01,zoe.saldana_0020@example.com
21,Anthony,Gillan,1981-02-09,anthony.gillan_0021@example.com
22,Benedict,Lilly,1969-04-06,benedict.lilly_0022@example.com
23,Brie,Boseman,1989-10-01,brie.boseman_0023@example.com
24,Chadwick,Hemsworth,1979-08-03,chadwick.hemsworth_0024@example.com
25,Chris,Mackie,1968-02-12,chris.mackie_0025@example.com
26,Chris,Brolin,1989-02-16,chris.brolin_0026@example.com
27,Don,Hiddleston,1978-09-23,don.hiddleston_0027@example.com
28,Elizabeth,Olsen,1967-11-22,elizabeth.olsen_0028@example.com
29,Evangeline,Cheadle,1987-11-28,evangeline.cheadle_0029@example.com
30,Jeremy,Holland,1978-06-19,jeremy.holland_0030@example.com
31,Josh,Renner,1965-04-04,josh.renner_0031@example.com
32,Karen,Cumberbatch,1984-11-22,karen.cumberbatch_0032@example.com
33,Mark,Jackson,1976-11-29,mark.jackson_0033@example.com
34,Paul,Rudd,1964-11-29,paul.rudd_0034@example.com
35,Robert,Downey,1983-08-11,robert.downey_0035@example.com
36,Samuel,Johansson,1976-07-19,samuel.johansson_0036@example.com
37,Scarlett,Ruffalo,1948-12-21,scarlett.ruffalo_0037@example.com
38,Tom,Evans,1981-06-13,tom.evans_0038@example.com
39,Tom,Larson,1971-01-07,tom.larson_0039@example.com
40,Zoe,Saldana,1996-06-01,zoe.saldana_0040@example.com
41,Anthony,Gillan,1981-02-09,anthony.gillan_0041@example.com
42,Benedict,Lilly,1969-04-06,benedict.lilly_0042@example.com
43,Brie,Boseman,1989-10-01,brie.boseman_0043@example.com
44,Chadwick,Hemsworth,1979-08-03,chadwick.hemsworth_0044@example.com
45,Chris,Mackie,1968-02-12,chris.mackie_0045@example.com
46,Chris,Brolin,1989-02-16,chris.brolin_0046@example.com
47,Don,Hiddleston,1978-09-23,don.hiddleston_0047@example.com
48,Elizabeth,Olsen,1967-11-22,elizabeth.olsen_0048@example.com
49,Evangeline,Cheadle,1987-11-28,evangeline.cheadle_0049@example.com
50,Jeremy,Holland,1978-06-19,jeremy.holland_0050@example.com
51,Josh,Renner,1965-04-04,josh.renner_0051@example.com
52,Karen,Cumberbatch,1984-11-22,karen.cumberbatch_0052@example.com
53,Mark,Jackson,1976-11-29,mark.jackson_0053@example.com
54,Paul,Rudd,1964-11-29,paul.rudd_0054@example.com
55,Robert,Downey,1983-08-11,robert.downey_0055@example.com
56,Samuel,Johansson,1976-07-19,samuel.johansson_0056@example.com
57,Scarlett,Ruffalo,1948-12-21,scarlett.ruffalo_0057@example.com
58,Tom,Evans,1981-06-13,tom.evans_0058@example.com
59,Tom,Larson,1971-01-07,tom.larson_0059@example.com
60,Zoe,Saldana,1996-06-01,zoe.saldana_0060@example.com
61,Anthony,Gillan,1981-02-09,anthony.gillan_0061@example.com
62,Benedict,Lilly,1969-04-06,benedict.lilly_0062@example.com
63,Brie,Boseman,1989-10-01,brie.boseman_0063@example.com
64,Chadwick,Hemsworth,1979-08-03,chadwick.hemsworth_0064@example.com
65,Chris,Mackie,1968-02-12,chris.mackie_0065@example.com
66,Chris,Brolin,1989-02-16,chris.brolin_0066@example.com
67,Don,Hiddleston,1978-09-23,don.hiddleston_0067@example.com
68,Elizabeth,Olsen,1967-11-22,elizabeth.olsen_0068@example.com
69,Evangeline,Cheadle,1987-11-28,evangeline.cheadle_0069@example.com
70,Jeremy,Holland,1978-06-19,jeremy.holland_0070@example.com
71,Josh,Renner,1965-04-04,josh.renner_0071@example.com
72,Karen,Cumberbatch,1984-11-22,karen.cumberbatch_0072@example.com
73,Mark,Jackson,1976-11-29,mark.jackson_0073@example.com
74,Paul,Rudd,1964-11-29,paul.rudd_0074@example.com
75,Robert,Downey,1983-08-11,robert.downey_0075@example.com
76,Samuel,Johansson,1976-07-19,samuel.johansson_0076@example.com
77,Scarlett,Ruffalo,1948-12-21,scarlett.ruffalo_0077@example.com
78,Tom,Evans,1981-06-13,tom.evans_0078@example.com
79,Tom,Larson,1971-01-07,tom.larson_0079@example.com
80,Zoe,Saldana,1996-06-01,zoe.saldana_0080@example.com
81,Anthony,Gillan,1981-02-09,anthony.gillan_0081@example.com
82,Benedict,Lilly,1969-04-06,benedict.lilly_0082@example.com
83,Brie,Boseman,1989-10-01,brie.boseman_0083@example.com
84,Chadwick,Hemsworth,1979-08-03,chadwick.hemsworth_0084@example.com
85,Chris,Mackie,1968-02-12,chris.mackie_0085@example.com
86,Chris,Brolin,1989-02-16,chris.brolin_0086@example.com
87,Don,Hiddleston,1978-09-23,don.hiddleston_0087@example.com
88,Elizabeth,Olsen,1967-11-22,elizabeth.olsen_0088@example.com
89,Evangeline,Cheadle,1987-11-28,evangeline.cheadle_0089@example.com
90,Jeremy,Holland,1978-06-19,jeremy.holland_0090@example.com
91,Josh,Renner,1965-04-04,josh.renner_0091@example.com
92,Karen,Cumberbatch,1984-11-22,karen.cumberbatch_0092@example.com
93,Mark,Jackson,1976-11-29,mark.jackson_0093@example.com
94,Paul,Rudd,1964-11-29,paul.rudd_0094@example.com
95,Robert,Downey,1983-08-11,robert.downey_0095@example.com
96,Samuel,Johansson,1976-07-19,samuel.johansson_0096@example.com
97,Scarlett,Ruffalo,1948-12-21,scarlett.ruffalo_0097@example.com
98,Tom,Evans,1981-06-13,tom.evans_0098@example.com
99,Tom,Larson,1971-01-07,tom.larson_0099@example.com
100,Zoe,Saldana,1996-06-01,zoe.saldana_0100@example.com
101,Anthony,Gillan,1981-02-09,anthony.gillan_0101@example.com
102,Benedict,Lilly,1969-04-06,benedict.lilly_0102@example.com
103,Brie,Boseman,1989-10-01,brie.boseman_0103@example.com
104,Chadwick,Hemsworth,1979-08-03,chadwick.hemsworth_0104@example.com
105,Chris,Mackie,1968-02-12,chris.mackie_0105@example.com
106,Chris,Brolin,1989-02-16,chris.brolin_0106@example.com
107,Don,Hiddleston,1978-09-23,don.hiddleston_0107@example.com
108,Elizabeth,Olsen,1967-11-22,elizabeth.olsen_0108@example.com
109,Evangeline,Cheadle,1987-11-28,evangeline.cheadle_0109@example.com
110,Jeremy,Holland,1978-06-19,jeremy.holland_0110@example.com
111,Josh,Renner,1965-04-04,josh.renner_0111@example.com
112,Karen,Cumberbatch,1984-11-22,karen.cumberbatch_0112@example.com
113,Mark,Jackson,1976-11-29,mark.jackson_0113@example.com
114,Paul,Rudd,1964-11-29,paul.rudd_0114@example.com
115,Robert,Downey,1983-08-11,robert.downey_0115@example.com
116,Samuel,Johansson,1976-07-19,samuel.johansson_0116@example.com
117,Scarlett,Ruffalo,1948-12-21,scarlett.ruffalo_0117@example.com
118,Tom,Evans,1981-06-13,tom.evans_0118@example.com
119,Tom,Larson,1971-01-07,tom.larson_0119@example.com
120,Zoe,Saldana,1996-06-01,zoe.saldana_0120@example.com
121,Anthony,Gillan,1981-02-09,anthony.gillan_0121@example.com
122,Benedict,Lilly,1969-04-06,benedict.lilly_0122@example.com
123,Brie,Boseman,1989-10-01,brie.boseman_0123@example.com
124,Chadwick,Hemsworth,1979-08-03,chadwick.hemsworth_0124@example.com
125,Chris,Mackie,1968-02-12,chris.mackie_0125@example.com
126,Chris,Brolin,1989-02-16,chris.brolin_0126@example.com
127,Don,Hiddleston,1978-09-23,don.hiddleston_0127@example.com
128,Elizabeth,Olsen,1967-11-22,elizabeth.olsen_0128@example.com
129,Evangeline,Cheadle,1987-11-28,evangeline.cheadle_0129@example.com
130,Jeremy,Holland,1978-06-19,jeremy.holland_0130@example.com
131,Josh,Renner,1965-04-04,josh.renner_0131@example.com
132,Karen,Cumberbatch,1984-11-22,karen.cumberbatch_0132@example.com
133,Mark,Jackson,1976-11-29,mark.jackson_0133@example.com
134,Paul,Rudd,1964-11-29,paul.rudd_0134@example.com
135,Robert,Downey,1983-08-11,robert.downey_0135@example.com
136,Samuel,Johansson,1976-07-19,samuel.johansson_0136@example.com
137,Scarlett,Ruffalo,1948-12-21,scarlett.ruffalo_0137@example.com
138,Tom,Evans,1981-06-13,tom.evans_0138@example.com
139,Tom,Larson,1971-01-07,tom.larson_0139@example.com
140,Zoe,Saldana,1996-06-01,zoe.saldana_0140@example.com
141,Anthony,Gillan,1981-02-09,anthony.gillan_0141@example.com
142,Benedict,Lilly,1969-04-06,benedict.lilly_0142@example.com
143,Brie,Boseman,1989-10-01,brie.boseman_0143@example.com
144,Chadwick,Hemsworth,1979-08-03,chadwick.hemsworth_0144@example.com
145,Chris,Mackie,1968-02-12,chris.mackie_0145@example.com
146,Chris,Brolin,1989-02-16,chris.brolin_0146@example.com
147,Don,Hiddleston,1978-09-23,don.hiddleston_0147@example.com
148,Elizabeth,Olsen,1967-11-22,elizabeth.olsen_0148@example.com
149,Evangeline,Cheadle,1987-11-28,evangeline.cheadle_0149@example.com
150,Jeremy,Holland,1978-06-19,jeremy.holland_0150@example.com
151,Josh,Renner,1965-04-04,josh.renner_0151@example.com
152,Karen,Cumberbatch,1984-11-22,karen.cumberbatch_0152@example.com
153,Mark,Jackson,1976-11-29,mark.jackson_0153@example.com
154,Paul,Rudd,1964-11-29,paul.rudd_0154@example.com
155,Robert,Downey,1983-08-11,robert.downey_0155@example.com
156,Samuel,Johansson,1976-07-19,samuel.johansson_0156@example.com
157,Scarlett,Ruffalo,1948-12-21,scarlett.ruffalo_0157@example.com
158,Tom,Evans,1981-06-13,tom.evans_0158@example.com
159,Tom,Larson,1971-01-07,tom.larson_0159@example.com
160,Zoe,Saldana,1996-06-01,zoe.saldana_0160@example.com
161,Anthony,Gillan,1981-02-09,anthony.gillan_0161@example.com
162,Benedict,Lilly,1969-04-06,benedict.lilly_0162@example.com
163,Brie,Boseman,1989-10-01,brie.boseman_0163@example.com
164,Chadwick,Hemsworth,1979-08-03,chadwick.hemsworth_0164@example.com
165,Chris,Mackie,1968-02-12,chris.mackie_0165@example.com
166,Chris,Brolin,1989-02-16,chris.brolin_0166@example.com
167,Don,Hiddleston,1978-09-23,don.hiddleston_0167@example.com
168,Elizabeth,Olsen,1967-11-22,elizabeth.olsen_0168@example.com
169,Evangeline,Cheadle,1987-11-28,evangeline.cheadle_0169@example.com
170,Jeremy,Holland,1978-06-19,jeremy.holland_0170@example.com
171,Josh,Renner,1965-04-04,josh.renner_0171@example.com
172,Karen,Cumberbatch,1984-11-22,karen.cumberbatch_0172@example.com
173,Mark,Jackson,1976-11-29,mark.jackson_0173@example.com
174,Paul,Rudd,1964-11-29,paul.rudd_0174@example.com
175,Robert,Downey,1983-08-11,robert.downey_0175@example.com
176,Samuel,Johansson,1976-07-19,samuel.johansson_0176@example.com
177,Scarlett,Ruffalo,1948-12-21,scarlett.ruffalo_0177@example.com
178,Tom,Evans,1981-06-13,tom.evans_0178@example.com
179,Tom,Larson,1971-01-07,tom.larson_0179@example.com
180,Zoe,Saldana,1996-06-01,zoe.saldana_0180@example.com
181,Anthony,Gillan,1981-02-09,anthony.gillan_0181@example.com
182,Benedict,Lilly,1969-04-06,benedict.lilly_0182@example.com
183,Brie,Boseman,1989-10-01,brie.boseman_0183@example.com
184,Chadwick,Hemsworth,1979-08-03,chadwick.hemsworth_0184@example.com
185,Chris,Mackie,1968-02-12,chris.mackie_0185@example.com
186,Chris,Brolin,1989-02-16,chris.brolin_0186@example.com
187,Don,Hiddleston,1978-09-23,don.hiddleston_0187@example.com
188,Elizabeth,Olsen,1967-11-22,elizabeth.olsen_0188@example.com
189,Evangeline,Cheadle,1987-11-28,evangeline.cheadle_0189@example.com
190,Jeremy,Holland,1978-06-19,jeremy.holland_0190@example.com
191,Josh,Renner,1965-04-04,josh.renner_0191@example.com
192,Karen,Cumberbatch,1984-11-22,karen.cumberbatch_0192@example.com
193,Mark,Jackson,1976-11-29,mark.jackson_0193@example.com
194,Paul,Rudd,1964-11-29,paul.rudd_0194@example.com
195,Robert,Downey,1983-08-11,robert.downey_0195@example.com
196,Samuel,Johansson,1976-07-19,samuel.johansson_0196@example.com
197,Scarlett,Ruffalo,1948-12-21,scarlett.ruffalo_0197@example.com
198,Tom,Evans,1981-06-13,tom.evans_0198@example.com
199,Tom,Larson,1971-01-07,tom.larson_0199@example.com
200,Zoe,Saldana,1996-06-01,zoe.saldana_0200@example.com
201,Anthony,Gillan,1981-02-09,anthony.gillan_0201@example.com
202,Benedict,Lilly,1969-04-06,benedict.lilly_0202@example.com
203,Brie,Boseman,1989-10-01,brie.boseman_0203@example.com
204,Chadwick,Hemsworth,1979-08-03,chadwick.hemsworth_0204@example.com
205,Chris,Mackie,1968-02-12,chris.mackie_0205@example.com
206,Chris,Brolin,1989-02-16,chris.brolin_0206@example.com
207,Don,Hiddleston,1978-09-23,don.hiddleston_0207@example.com
208,Elizabeth,Olsen,1967-11-22,elizabeth.olsen_0208@example.com
209,Evangeline,Cheadle,1987-11-28,evangeline.cheadle_0209@example.com
210,Jeremy,Holland,1978-06-19,jeremy.holland_0210@example.com
211,Josh,Renner,1965-04-04,josh.renner_0211@example.com
212,Karen,Cumberbatch,1984-11-22,karen.cumberbatch_0212@example.com
213,Mark,Jackson,1976-11-29,mark.jackson_0213@example.com
214,Paul,Rudd,1964-11-29,paul.rudd_0214@example.com
215,Robert,Downey,1983-08-11,robert.downey_0215@example.com
216,Samuel,Johansson,1976-07-19,samuel.johansson_0216@example.com
217,Scarlett,Ruffalo,1948-12-21,scarlett.ruffalo_0217@example.com
218,Tom,Evans,1981-06-13,tom.evans_0218@example.com
219,Tom,Larson,1971-01-07,tom.larson_0219@example.com
220,Zoe,Saldana,1996-06-01,zoe.saldana_0220@example.com
221,Anthony,Gillan,1981-02-09,anthony.gillan_0221@example.com
222,Benedict,Lilly,1969-04-06,benedict.lilly_0222@example.com
223,Brie,Boseman,1989-10-01,brie.boseman_0223@example.com
224,Chadwick,Hemsworth,1979-08-03,chadwick.hemsworth_0224@example.com
225,Chris,Mackie,1968-02-12,chris.mackie_0225@example.com
226,Chris,Brolin,1989-02-16,chris.brolin_0226@example.com
227,Don,Hiddleston,1978-09-23,don.hiddleston_0227@example.com
228,Elizabeth,Olsen,1967-11-22,elizabeth.olsen_0228@example.com
229,Evangeline,Cheadle,1987-11-28,evangeline.cheadle_0229@example.com
230,Jeremy,Holland,1978-06-19,jeremy.holland_0230@example.com
231,Josh,Renner,1965-04-04,josh.renner_0231@example.com
232,Karen,Cumberbatch,1984-11-22,karen.cumberbatch_0232@example.com
233,Mark,Jackson,1976-11-29,mark.jackson_0233@example.com
234,Paul,Rudd,1964-11-29,paul.rudd_0234@example.com
235,Robert,Downey,1983-08-11,robert.downey_0235@example.com
236,Samuel,Johansson,1976-07-19,samuel.johansson_0236@example.com
237,Scarlett,Ruffalo,1948-12-21,scarlett.ruffalo_0237@example.com
238,Tom,Evans,1981-06-13,tom.evans_0238@example.com
239,Tom,Larson,1971-01-07,tom.larson_0239@example.com
240,Zoe,Saldana,1996-06-01,zoe.saldana_0240@example.com
241,Anthony,Gillan,1981-02-09,anthony.gillan_0241@example.com
242,Benedict,Lilly,1969-04-06,benedict.lilly_0242@example.com
243,Brie,Boseman,1989-10-01,brie.boseman_0243@example.com
244,Chadwick,Hemsworth,1979-08-03,chadwick.hemsworth_0244@example.com
245,Chris,Mackie,1968-02-12,chris.mackie_0245@example.com
246,Chris,Brolin,1989-02-16,chris.brolin_0246@example.com
247,Don,Hiddleston,1978-09-23,don.hiddleston_0247@example.com
248,Elizabeth,Olsen,1967-11-22,elizabeth.olsen_0248@example.com
249,Evangeline,Cheadle,1987-11-28,evangeline.cheadle_0249@example.com
250,Jeremy,Holland,1978-06-19,jeremy.holland_0250@example.com
251,Josh,Renner,1965-04-04,josh.renner_0251@example.com
252,Karen,Cumberbatch,1984-11-22,karen.cumberbatch_0252@example.com
253,Mark,Jackson,1976-11-29,mark.jackson_0253@example.com
254,Paul,Rudd,1964-11-29,paul.rudd_0254@example.com
255,Robert,Downey,1983-08-11,robert.downey_0255@example.com
256,Samuel,Johansson,1976-07-19,samuel.johansson_0256@example.com
257,Scarlett,Ruffalo,1948-12-21,scarlett.ruffalo_0257@example.com
258,Tom,Evans,1981-06-13,tom.evans_0258@example.com
259,Tom,Larson,1971-01-07,tom.larson_0259@example.com
260,Zoe,Saldana,1996-06-01,zoe.saldana_0260@example.com
261,Anthony,Gillan,1981-02-09,anthony.gillan_0261@example.com
262,Benedict,Lilly,1969-04-06,benedict.lilly_0262@example.com
263,Brie,Boseman,1989-10-01,brie.boseman_0263@example.com
264,Chadwick,Hemsworth,1979-08-03,chadwick.hemsworth_0264@example.com
265,Chris,Mackie,1968-02-12,chris.mackie_0265@example.com
266,Chris,Brolin,1989-02-16,chris.brolin_0266@example.com
267,Don,Hiddleston,1978-09-23,don.hiddleston_0267@example.com
268,Elizabeth,Olsen,1967-11-22,elizabeth.olsen_0268@example.com
269,Evangeline,Cheadle,1987-11-28,evangeline.cheadle_0269@example.com
270,Jeremy,Holland,1978-06-19,jeremy.holland_0270@example.com
271,Josh,Renner,1965-04-04,josh.renner_0271@example.com
272,Karen,Cumberbatch,1984-11-22,karen.cumberbatch_0272@example.com
273,Mark,Jackson,1976-11-29,mark.jackson_0273@example.com
274,Paul,Rudd,1964-11-29,paul.rudd_0274@example.com
275,Robert,Downey,1983-08-11,robert.downey_0275@example.com
276,Samuel,Johansson,1976-07-19,samuel.johansson_0276@example.com
277,Scarlett,Ruffalo,1948-12-21,scarlett.ruffalo_0277@example.com
278,Tom,Evans,1981-06-13,tom.evans_0278@example.com
279,Tom,Larson,1971-01-07,tom.larson_0279@example.com
280,Zoe,Saldana,1996-06-01,zoe.saldana_0280@example.com
281,Anthony,Gillan,1981-02-09,anthony.gillan_0281@example.com
282,Benedict,Lilly,1969-04-06,benedict.lilly_0282@example.com
283,Brie,Boseman,1989-10-01,brie.boseman_0283@example.com
284,Chadwick,Hemsworth,1979-08-03,chadwick.hemsworth_0284@example.com
285,Chris,Mackie,1968-02-12,chris.mackie_0285@example.com
286,Chris,Brolin,1989-02-16,chris.brolin_0286@example.com
287,Don,Hiddleston,1978-09-23,don.hiddleston_0287@example.com
288,Elizabeth,Olsen,1967-11-22,elizabeth.olsen_0288@example.com
289,Evangeline,Cheadle,1987-11-28,evangeline.cheadle_0289@example.com
290,Jeremy,Holland,1978-06-19,jeremy.holland_0290@example.com
291,Josh,Renner,1965-04-04,josh.renner_0291@example.com
292,Karen,Cumberbatch,1984-11-22,karen.cumberbatch_0292@example.com
293,Mark,Jackson,1976-11-29,mark.jackson_0293@example.com
294,Paul,Rudd,1964-11-29,paul.rudd_0294@example.com
295,Robert,Downey,1983-08-11,robert.downey_0295@example.com
296,Samuel,Johansson,1976-07-19,samuel.johansson_0296@example.com
297,Scarlett,Ruffalo,1948-12-21,scarlett.ruffalo_0297@example.com
298,Tom,Evans,1981-06-13,tom.evans_0298@example.com
299,Tom,Larson,1971-01-07,tom.larson_0299@example.com
300,Zoe,Saldana,1996-06-01,zoe.saldana_0300@example.com
301,Anthony,Gillan,1981-02-09,anthony.gillan_0301@example.com
302,Benedict,Lilly,1969-04-06,benedict.lilly_0302@example.com
303,Brie,Boseman,1989-10-01,brie.boseman_0303@example.com
304,Chadwick,Hemsworth,1979-08-03,chadwick.hemsworth_0304@example.com
305,Chris,Mackie,1968-02-12,chris.mackie_0305@example.com
306,Chris,Brolin,1989-02-16,chris.brolin_0306@example.com
307,Don,Hiddleston,1978-09-23,don.hiddleston_0307@example.com
308,Elizabeth,Olsen,1967-11-22,elizabeth.olsen_0308@example.com
309,Evangeline,Cheadle,1987-11-28,evangeline.cheadle_0309@example.com
310,Jeremy,Holland,1978-06-19,jeremy.holland_0310@example.com
311,Josh,Renner,1965-04-04,josh.renner_0311@example.com
312,Karen,Cumberbatch,1984-11-22,karen.cumberbatch_0312@example.com
313,Mark,Jackson,1976-11-29,mark.jackson_0313@example.com
314,Paul,Rudd,1964-11-29,paul.rudd_0314@example.com
315,Robert,Downey,1983-08-11,robert.downey_0315@example.com
316,Samuel,Johansson,1976-07-19,samuel.johansson_0316@example.com
317,Scarlett,Ruffalo,1948-12-21,scarlett.ruffalo_0317@example.com
318,Tom,Evans,1981-06-13,tom.evans_0318@example.com
319,Tom,Larson,1971-01-07,tom.larson_0319@example.com
320,Zoe,Saldana,1996-06-01,zoe.saldana_0320@example.com
321,Anthony,Gillan,1981-02-09,anthony.gillan_0321@example.com
322,Benedict,Lilly,1969-04-06,benedict.lilly_0322@example.com
323,Brie,Boseman,1989-10-01,brie.boseman_0323@example.com
324,Chadwick,Hemsworth,1979-08-03,chadwick.hemsworth_0324@example.com
325,Chris,Mackie,1968-02-12,chris.mackie_0325@example.com
326,Chris,Brolin,1989-02-16,chris.brolin_0326@example.com
327,Don,Hiddleston,1978-09-23,don.hiddleston_0327@example.com
328,Elizabeth,Olsen,1967-11-22,elizabeth.olsen_0328@example.com
329,Evangeline,Cheadle,1987-11-28,evangeline.cheadle_0329@example.com
330,Jeremy,Holland,1978-06-19,jeremy.holland_0330@example.com
331,Josh,Renner,1965-04-04,josh.renner_0331@example.com
332,Karen,Cumberbatch,1984-11-22,karen.cumberbatch_0332@example.com
333,Mark,Jackson,1976-11-29,mark.jackson_0333@example.com
334,Paul,Rudd,1964-11-29,paul.rudd_0334@example.com
335,Robert,Downey,1983-08-11,robert.downey_0335@example.com
336,Samuel,Johansson,1976-07-19,samuel.johansson_0336@example.com
337,Scarlett,Ruffalo,1948-12-21,scarlett.ruffalo_0337@example.com
338,Tom,Evans,1981-06-13,tom.evans_0338@example.com
339,Tom,Larson,1971-01-07,tom.larson_0339@example.com
340,Zoe,Saldana,1996-06-01,zoe.saldana_0340@example.com
341,Anthony,Gillan,1981-02-09,anthony.gillan_0341@example.com
342,Benedict,Lilly,1969-04-06,benedict.lilly_0342@example.com
343,Brie,Boseman,1989-10-01,brie.boseman_0343@example.com
344,Chadwick,Hemsworth,1979-08-03,chadwick.hemsworth_0344@example.com
345,Chris,Mackie,1968-02-12,chris.mackie_0345@example.com
346,Chris,Brolin,1989-02-16,chris.brolin_0346@example.com
347,Don,Hiddleston,1978-09-23,don.hiddleston_0347@example.com
348,Elizabeth,Olsen,1967-11-22,elizabeth.olsen_0348@example.com
349,Evangeline,Cheadle,1987-11-28,evangeline.cheadle_0349@example.com
350,Jeremy,Holland,1978-06-19,jeremy.holland_0350@example.com
351,Josh,Renner,1965-04-04,josh.renner_0351@example.com
352,Karen,Cumberbatch,1984-11-22,karen.cumberbatch_0352@example.com
353,Mark,Jackson,1976-11-29,mark.jackson_0353@example.com
354,Paul,Rudd,1964-11-29,paul.rudd_0354@example.com
355,Robert,Downey,1983-08-11,robert.downey_0355@example.com
356,Samuel,Johansson,1976-07-19,samuel.johansson_0356@example.com
357,Scarlett,Ruffalo,1948-12-21,scarlett.ruffalo_0357@example.com
358,Tom,Evans,1981-06-13,tom.evans_0358@example.com
359,Tom,Larson,1971-01-07,tom.larson_0359@example.com
360,Zoe,Saldana,1996-06-01,zoe.saldana_0360@example.com
361,Anthony,Gillan,1981-02-09,anthony.gillan_0361@example.com
362,Benedict,Lilly,1969-04-06,benedict.lilly_0362@example.com
363,Brie,Boseman,1989-10-01,brie.boseman_0363@example.com
364,Chadwick,Hemsworth,1979-08-03,chadwick.hemsworth_0364@example.com
365,Chris,Mackie,1968-02-12,chris.mackie_0365@example.com
366,Chris,Brolin,1989-02-16,chris.brolin_0366@example.com
367,Don,Hiddleston,1978-09-23,don.hiddleston_0367@example.com
368,Elizabeth,Olsen,1967-11-22,elizabeth.olsen_0368@example.com
369,Evangeline,Cheadle,1987-11-28,evangeline.cheadle_0369@example.com
370,Jeremy,Holland,1978-06-19,jeremy.holland_0370@example.com
371,Josh,Renner,1965-04-04,josh.renner_0371@example.com
372,Karen,Cumberbatch,1984-11-22,karen.cumberbatch_0372@example.com
373,Mark,Jackson,1976-11-29,mark.jackson_0373@example.com
374,Paul,Rudd,1964-11-29,paul.rudd_0374@example.com
375,Robert,Downey,1983-08-11,robert.downey_0375@example.com
376,Samuel,Johansson,1976-07-19,samuel.johansson_0376@example.com
377,Scarlett,Ruffalo,1948-12-21,scarlett.ruffalo_0377@example.com
378,Tom,Evans,1981-06-13,tom.evans_0378@example.com
379,Tom,Larson,1971-01-07,tom.larson_0379@example.com
380,Zoe,Saldana,1996-06-01,zoe.saldana_0380@example.com
381,Anthony,Gillan,1981-02-09,anthony.gillan_0381@example.com
382,Benedict,Lilly,1969-04-06,benedict.lilly_0382@example.com
383,Brie,Boseman,1989-10-01,brie.boseman_0383@example.com
384,Chadwick,Hemsworth,1979-08-03,chadwick.hemsworth_0384@example.com
385,Chris,Mackie,1968-02-12,chris.mackie_0385@example.com
386,Chris,Brolin,1989-02-16,chris.brolin_0386@example.com
387,Don,Hiddleston,1978-09-23,don.hiddleston_0387@example.com
388,Elizabeth,Olsen,1967-11-22,elizabeth.olsen_0388@example.com
389,Evangeline,Cheadle,1987-11-28,evangeline.cheadle_0389@example.com
390,Jeremy,Holland,1978-06-19,jeremy.holland_0390@example.com
391,Josh,Renner,1965-04-04,josh.renner_0391@example.com
392,Karen,Cumberbatch,1984-11-22,karen.cumberbatch_0392@example.com
393,Mark,Jackson,1976-11-29,mark.jackson_0393@example.com
394,Paul,Rudd,1964-11-29,paul.rudd_0394@example.com
395,Robert,Downey,1983-08-11,robert.downey_0395@example.com
396,Samuel,Johansson,1976-07-19,samuel.johansson_0396@example.com
397,Scarlett,Ruffalo,1948-12-21,scarlett.ruffalo_0397@example.com
398,Tom,Evans,1981-06-13,tom.evans_0398@example.com
399,Tom,Larson,1971-01-07,tom.larson_0399@example.com
400,Zoe,Saldana,1996-06-01,zoe.saldana_0400@example.com
401,Anthony,Gillan,1981-02-09,anthony.gillan_0401@example.com
402,Benedict,Lilly,1969-04-06,benedict.lilly_0402@example.com
403,Brie,Boseman,1989-10-01,brie.boseman_0403@example.com
404,Chadwick,Hemsworth,1979-08-03,chadwick.hemsworth_0404@example.com
405,Chris,Mackie,1968-02-12,chris.mackie_0405@example.com
406,Chris,Brolin,1989-02-16,chris.brolin_0406@example.com
407,Don,Hiddleston,1978-09-23,don.hiddleston_0407@example.com
408,Elizabeth,Olsen,1967-11-22,elizabeth.olsen_0408@example.com
409,Evangeline,Cheadle,1987-11-28,evangeline.cheadle_0409@example.com
410,Jeremy,Holland,1978-06-19,jeremy.holland_0410@example.com
411,Josh,Renner,1965-04-04,josh.renner_0411@example.com
412,Karen,Cumberbatch,1984-11-22,karen.cumberbatch_0412@example.com
413,Mark,Jackson,1976-11-29,mark.jackson_0413@example.com
414,Paul,Rudd,1964-11-29,paul.rudd_0414@example.com
415,Robert,Downey,1983-08-11,robert.downey_0415@example.com
416,Samuel,Johansson,1976-07-19,samuel.johansson_0416@example.com
417,Scarlett,Ruffalo,1948-12-21,scarlett.ruffalo_0417@example.com
418,Tom,Evans,1981-06-13,tom.evans_0418@example.com
419,Tom,Larson,1971-01-07,tom.larson_0419@example.com
420,Zoe,Saldana,1996-06-01,zoe.saldana_0420@example.com
421,Anthony,Gillan,1981-02-09,anthony.gillan_0421@example.com
422,Benedict,Lilly,1969-04-06,benedict.lilly_0422@example.com
423,Brie,Boseman,1989-10-01,brie.boseman_0423@example.com
424,Chadwick,Hemsworth,1979-08-03,chadwick.hemsworth_0424@example.com
425,Chris,Mackie,1968-02-12,chris.mackie_0425@example.com
426,Chris,Brolin,1989-02-16,chris.brolin_0426@example.com
427,Don,Hiddleston,1978-09-23,don.hiddleston_0427@example.com
428,Elizabeth,Olsen,1967-11-22,elizabeth.olsen_0428@example.com
429,Evangeline,Cheadle,1987-11-28,evangeline.cheadle_0429@example.com
430,Jeremy,Holland,1978-06-19,jeremy.holland_0430@example.com
431,Josh,Renner,1965-04-04,josh.renner_0431@example.com
432,Karen,Cumberbatch,1984-11-22,karen.cumberbatch_0432@example.com
433,Mark,Jackson,1976-11-29,mark.jackson_0433@example.com
434,Paul,Rudd,1964-11-29,paul.rudd_0434@example.com
435,Robert,Downey,1983-08-11,robert.downey_0435@example.com
436,Samuel,Johansson,1976-07-19,samuel.johansson_0436@example.com
437,Scarlett,Ruffalo,1948-12-21,scarlett.ruffalo_0437@example.com
438,Tom,Evans,1981-06-13,tom.evans_0438@example.com
439,Tom,Larson,1971-01-07,tom.larson_0439@example.com
440,Zoe,Saldana,1996-06-01,zoe.saldana_0440@example.com
441,Anthony,Gillan,1981-02-09,anthony.gillan_0441@example.com
442,Benedict,Lilly,1969-04-06,benedict.lilly_0442@example.com
443,Brie,Boseman,1989-10-01,brie.boseman_0443@example.com
444,Chadwick,Hemsworth,1979-08-03,chadwick.hemsworth_0444@example.com
445,Chris,Mackie,1968-02-12,chris.mackie_0445@example.com
446,Chris,Brolin,1989-02-16,chris.brolin_0446@example.com
447,Don,Hiddleston,1978-09-23,don.hiddleston_0447@example.com
448,Elizabeth,Olsen,1967-11-22,elizabeth.olsen_0448@example.com
449,Evangeline,Cheadle,1987-11-28,evangeline.cheadle_0449@example.com
450,Jeremy,Holland,1978-06-19,jeremy.holland_0450@example.com
451,Josh,Renner,1965-04-04,josh.renner_0451@example.com
452,Karen,Cumberbatch,1984-11-22,karen.cumberbatch_0452@example.com
453,Mark,Jackson,1976-11-29,mark.jackson_0453@example.com
454,Paul,Rudd,1964-11-29,paul.rudd_0454@example.com
455,Robert,Downey,1983-08-11,robert.downey_0455@example.com
456,Samuel,Johansson,1976-07-19,samuel.johansson_0456@example.com
457,Scarlett,Ruffalo,1948-12-21,scarlett.ruffalo_0457@example.com
458,Tom,Evans,1981-06-13,tom.evans_0458@example.com
459,Tom,Larson,1971-01-07,tom.larson_0459@example.com
460,Zoe,Saldana,1996-06-01,zoe.saldana_0460@example.com
461,Anthony,Gillan,1981-02-09,anthony.gillan_0461@example.com
462,Benedict,Lilly,1969-04-06,benedict.lilly_0462@example.com
463,Brie,Boseman,1989-10-01,brie.boseman_0463@example.com
464,Chadwick,Hemsworth,1979-08-03,chadwick.hemsworth_0464@example.com
465,Chris,Mackie,1968-02-12,chris.mackie_0465@example.com
466,Chris,Brolin,1989-02-16,chris.brolin_0466@example.com
467,Don,Hiddleston,1978-09-23,don.hiddleston_0467@example.com
468,Elizabeth,Olsen,1967-11-22,elizabeth.olsen_0468@example.com
469,Evangeline,Cheadle,1987-11-28,evangeline.cheadle_0469@example.com
470,Jeremy,Holland,1978-06-19,jeremy.holland_0470@example.com
471,Josh,Renner,1965-04-04,josh.renner_0471@example.com
472,Karen,Cumberbatch,1984-11-22,karen.cumberbatch_0472@example.com
473,Mark,Jackson,1976-11-29,mark.jackson_0473@example.com
474,Paul,Rudd,1964-11-29,paul.rudd_0474@example.com
475,Robert,Downey,1983-08-11,robert.downey_0475@example.com
476,Samuel,Johansson,1976-07-19,samuel.johansson_0476@example.com
477,Scarlett,Ruffalo,1948-12-21,scarlett.ruffalo_0477@example.com
478,Tom,Evans,1981-06-13,tom.evans_0478@example.com
479,Tom,Larson,1971-01-07,tom.larson_0479@example.com
480,Zoe,Saldana,1996-06-01,zoe.saldana_0480@example.com
481,Anthony,Gillan,1981-02-09,anthony.gillan_0481@example.com
482,Benedict,Lilly,1969-04-06,benedict.lilly_0482@example.com
483,Brie,Boseman,1989-10-01,brie.boseman_0483@example.com
484,Chadwick,Hemsworth,1979-08-03,chadwick.hemsworth_0484@example.com
485,Chris,Mackie,1968-02-12,chris.mackie_0485@example.com
486,Chris,Brolin,1989-02-16,chris.brolin_0486@example.com
487,Don,Hiddleston,1978-09-23,don.hiddleston_0487@example.com
488,Elizabeth,Olsen,1967-11-22,elizabeth.olsen_0488@example.com
489,Evangeline,Cheadle,1987-11-28,evangeline.cheadle_0489@example.com
490,Jeremy,Holland,1978-06-19,jeremy.holland_0490@example.com
491,Josh,Renner,1965-04-04,josh.renner_0491@example.com
492,Karen,Cumberbatch,1984-11-22,karen.cumberbatch_0492@example.com
493,Mark,Jackson,1976-11-29,mark.jackson_0493@example.com
494,Paul,Rudd,1964-11-29,paul.rudd_0494@example.com
495,Robert,Downey,1983-08-11,robert.downey_0495@example.com
496,Samuel,Johansson,1976-07-19,samuel.johansson_0496@example.com
497,Scarlett,Ruffalo,1948-12-21,scarlett.ruffalo_0497@example.com
498,Tom,Evans,1981-06-13,tom.evans_0498@example.com
499,Tom,Larson,1971-01-07,tom.larson_0499@example.com
500,Zoe,Saldana,1996-06-01,zoe.saldana_0500@example.com
501,Anthony,Gillan,1981-02-09,anthony.gillan_0501@example.com
502,Benedict,Lilly,1969-04-06,benedict.lilly_0502@example.com
503,Brie,Boseman,1989-10-01,brie.boseman_0503@example.com
504,Chadwick,Hemsworth,1979-08-03,chadwick.hemsworth_0504@example.com
505,Chris,Mackie,1968-02-12,chris.mackie_0505@example.com
506,Chris,Brolin,1989-02-16,chris.brolin_0506@example.com
507,Don,Hiddleston,1978-09-23,don.hiddleston_0507@example.com
508,Elizabeth,Olsen,1967-11-22,elizabeth.olsen_0508@example.com
509,Evangeline,Cheadle,1987-11-28,evangeline.cheadle_0509@example.com
510,Jeremy,Holland,1978-06-19,jeremy.holland_0510@example.com
511,Josh,Renner,1965-04-04,josh.renner_0511@example.com
512,Karen,Cumberbatch,1984-11-22,karen.cumberbatch_0512@example.com
513,Mark,Jackson,1976-11-29,mark.jackson_0513@example.com
514,Paul,Rudd,1964-11-29,paul.rudd_0514@example.com
515,Robert,Downey,1983-08-11,robert.downey_0515@example.com
516,Samuel,Johansson,1976-07-19,samuel.johansson_0516@example.com
517,Scarlett,Ruffalo,1948-12-21,scarlett.ruffalo_0517@example.com
518,Tom,Evans,1981-06-13,tom.evans_0518@example.com
519,Tom,Larson,1971-01-07,tom.larson_0519@example.com
520,Zoe,Saldana,1996-06-01,zoe.saldana_0520@example.com
521,Anthony,Gillan,1981-02-09,anthony.gillan_0521@example.com
522,Benedict,Lilly,1969-04-06,benedict.lilly_0522@example.com
523,Brie,Boseman,1989-10-01,brie.boseman_0523@example.com
524,Chadwick,Hemsworth,1979-08-03,chadwick.hemsworth_0524@example.com
525,Chris,Mackie,1968-02-12,chris.mackie_0525@example.com
526,Chris,Brolin,1989-02-16,chris.brolin_0526@example.com
527,Don,Hiddleston,1978-09-23,don.hiddleston_0527@example.com
528,Elizabeth,Olsen,1967-11-22,elizabeth.olsen_0528@example.com
529,Evangeline,Cheadle,1987-11-28,evangeline.cheadle_0529@example.com
530,Jeremy,Holland,1978-06-19,jeremy.holland_0530@example.com
531,Josh,Renner,1965-04-04,josh.renner_0531@example.com
532,Karen,Cumberbatch,1984-11-22,karen.cumberbatch_0532@example.com
533,Mark,Jackson,1976-11-29,mark.jackson_0533@example.com
534,Paul,Rudd,1964-11-29,paul.rudd_0534@example.com
535,Robert,Downey,1983-08-11,robert.downey_0535@example.com
536,Samuel,Johansson,1976-07-19,samuel.johansson_0536@example.com
537,Scarlett,Ruffalo,1948-12-21,scarlett.ruffalo_0537@example.com
538,Tom,Evans,1981-06-13,tom.evans_0538@example.com
539,Tom,Larson,1971-01-07,tom.larson_0539@example.com
540,Zoe,Saldana,1996-06-01,zoe.saldana_0540@example.com
541,Anthony,Gillan,1981-02-09,anthony.gillan_0541@example.com
542,Benedict,Lilly,1969-04-06,benedict.lilly_0542@example.com
543,Brie,Boseman,1989-10-01,brie.boseman_0543@example.com
544,Chadwick,Hemsworth,1979-08-03,chadwick.hemsworth_0544@example.com
545,Chris,Mackie,1968-02-12,chris.mackie_0545@example.com
546,Chris,Brolin,1989-02-16,chris.brolin_0546@example.com
547,Don,Hiddleston,1978-09-23,don.hiddleston_0547@example.com
548,Elizabeth,Olsen,1967-11-22,elizabeth.olsen_0548@example.com
549,Evangeline,Cheadle,1987-11-28,evangeline.cheadle_0549@example.com
550,Jeremy,Holland,1978-06-19,jeremy.holland_0550@example.com
551,Josh,Renner,1965-04-04,josh.renner_0551@example.com
552,Karen,Cumberbatch,1984-11-22,karen.cumberbatch_0552@example.com
553,Mark,Jackson,1976-11-29,mark.jackson_0553@example.com
554,Paul,Rudd,1964-11-29,paul.rudd_0554@example.com
555,Robert,Downey,1983-08-11,robert.downey_0555@example.com
556,Samuel,Johansson,1976-07-19,samuel.johansson_0556@example.com
557,Scarlett,Ruffalo,1948-12-21,scarlett.ruffalo_0557@example.com
558,Tom,Evans,1981-06-13,tom.evans_0558@example.com
559,Tom,Larson,1971-01-07,tom.larson_0559@example.com
560,Zoe,Saldana,1996-06-01,zoe.saldana_0560@example.com
561,Anthony,Gillan,1981-02-09,anthony.gillan_0561@example.com
562,Benedict,Lilly,1969-04-06,benedict.lilly_0562@example.com
563,Brie,Boseman,1989-10-01,brie.boseman_0563@example.com
564,Chadwick,Hemsworth,1979-08-03,chadwick.hemsworth_0564@example.com
565,Chris,Mackie,1968-02-12,chris.mackie_0565@example.com
566,Chris,Brolin,1989-02-16,chris.brolin_0566@example.com
567,Don,Hiddleston,1978-09-23,don.hiddleston_0567@example.com
568,Elizabeth,Olsen,1967-11-22,elizabeth.olsen_0568@example.com
569,Evangeline,Cheadle,1987-11-28,evangeline.cheadle_0569@example.com
570,Jeremy,Holland,1978-06-19,jeremy.holland_0570@example.com
571,Josh,Renner,1965-04-04,josh.renner_0571@example.com
572,Karen,Cumberbatch,1984-11-22,karen.cumberbatch_0572@example.com
573,Mark,Jackson,1976-11-29,mark.jackson_0573@example.com
574,Paul,Rudd,1964-11-29,paul.rudd_0574@example.com
575,Robert,Downey,1983-08-11,robert.downey_0575@example.com
576,Samuel,Johansson,1976-07-19,samuel.johansson_0576@example.com
577,Scarlett,Ruffalo,1948-12-21,scarlett.ruffalo_0577@example.com
578,Tom,Evans,1981-06-13,tom.evans_0578@example.com
579,Tom,Larson,1971-01-07,tom.larson_0579@example.com
580,Zoe,Saldana,1996-06-01,zoe.saldana_0580@example.com
581,Anthony,Gillan,1981-02-09,anthony.gillan_0581@example.com
582,Benedict,Lilly,1969-04-06,benedict.lilly_0582@example.com
583,Brie,Boseman,1989-10-01,brie.boseman_0583@example.com
584,Chadwick,Hemsworth,1979-08-03,chadwick.hemsworth_0584@example.com
585,Chris,Mackie,1968-02-12,chris.mackie_0585@example.com
586,Chris,Brolin,1989-02-16,chris.brolin_0586@example.com
587,Don,Hiddleston,1978-09-23,don.hiddleston_0587@example.com
588,Elizabeth,Olsen,1967-11-22,elizabeth.olsen_0588@example.com
589,Evangeline,Cheadle,1987-11-28,evangeline.cheadle_0589@example.com
590,Jeremy,Holland,1978-06-19,jeremy.holland_0590@example.com
591,Josh,Renner,1965-04-04,josh.renner_0591@example.com
592,Karen,Cumberbatch,1984-11-22,karen.cumberbatch_0592@example.com
593,Mark,Jackson,1976-11-29,mark.jackson_0593@example.com
594,Paul,Rudd,1964-11-29,paul.rudd_0594@example.com
595,Robert,Downey,1983-08-11,robert.downey_0595@example.com
596,Samuel,Johansson,1976-07-19,samuel.johansson_0596@example.com
597,Scarlett,Ruffalo,1948-12-21,scarlett.ruffalo_0597@example.com
598,Tom,Evans,1981-06-13,tom.evans_0598@example.com
599,Tom,Larson,1971-01-07,tom.larson_0599@example.com
600,Zoe,Saldana,1996-06-01,zoe.saldana_0600@example.com
601,Anthony,Gillan,1981-02-09,anthony.gillan_0601@example.com
602,Benedict,Lilly,1969-04-06,benedict.lilly_0602@example.com
603,Brie,Boseman,1989-10-01,brie.boseman_0603@example.com
604,Chadwick,Hemsworth,1979-08-03,chadwick.hemsworth_0604@example.com
605,Chris,Mackie,1968-02-12,chris.mackie_0605@example.com
606,Chris,Brolin,1989-02-16,chris.brolin_0606@example.com
607,Don,Hiddleston,1978-09-23,don.hiddleston_0607@example.com
608,Elizabeth,Olsen,1967-11-22,elizabeth.olsen_0608@example.com
609,Evangeline,Cheadle,1987-11-28,evangeline.cheadle_0609@example.com
610,Jeremy,Holland,1978-06-19,jeremy.holland_0610@example.com
611,Josh,Renner,1965-04-04,josh.renner_0611@example.com
612,Karen,Cumberbatch,1984-11-22,karen.cumberbatch_0612@example.com
613,Mark,Jackson,1976-11-29,mark.jackson_0613@example.com
614,Paul,Rudd,1964-11-29,paul.rudd_0614@example.com
615,Robert,Downey,1983-08-11,robert.downey_0615@example.com
616,Samuel,Johansson,1976-07-19,samuel.johansson_0616@example.com
617,Scarlett,Ruffalo,1948-12-21,scarlett.ruffalo_0617@example.com
618,Tom,Evans,1981-06-13,tom.evans_0618@example.com
619,Tom,Larson,1971-01-07,tom.larson_0619@example.com
620,Zoe,Saldana,1996-06-01,zoe.saldana_0620@example.com
621,Anthony,Gillan,1981-02-09,anthony.gillan_0621@example.com
622,Benedict,Lilly,1969-04-06,benedict.lilly_0622@example.com
623,Brie,Boseman,1989-10-01,brie.boseman_0623@example.com
624,Chadwick,Hemsworth,1979-08-03,chadwick.hemsworth_0624@example.com
625,Chris,Mackie,1968-02-12,chris.mackie_0625@example.com
626,Chris,Brolin,1989-02-16,chris.brolin_0626@example.com
627,Don,Hiddleston,1978-09-23,don.hiddleston_0627@example.com
628,Elizabeth,Olsen,1967-11-22,elizabeth.olsen_0628@example.com
629,Evangeline,Cheadle,1987-11-28,evangeline.cheadle_0629@example.com
630,Jeremy,Holland,1978-06-19,jeremy.holland_0630@example.com
631,Josh,Renner,1965-04-04,josh.renner_0631@example.com
632,Karen,Cumberbatch,1984-11-22,karen.cumberbatch_0632@example.com
633,Mark,Jackson,1976-11-29,mark.jackson_0633@example.com
634,Paul,Rudd,1964-11-29,paul.rudd_0634@example.com
635,Robert,Downey,1983-08-11,robert.downey_0635@example.com
636,Samuel,Johansson,1976-07-19,samuel.johansson_0636@example.com
637,Scarlett,Ruffalo,1948-12-21,scarlett.ruffalo_0637@example.com
638,Tom,Evans,1981-06-13,tom.evans_0638@example.com
639,Tom,Larson,1971-01-07,tom.larson_0639@example.com
640,Zoe,Saldana,1996-06-01,zoe.saldana_0640@example.com
641,Anthony,Gillan,1981-02-09,anthony.gillan_0641@example.com
642,Benedict,Lilly,1969-04-06,benedict.lilly_0642@example.com
643,Brie,Boseman,1989-10-01,brie.boseman_0643@example.com
644,Chadwick,Hemsworth,1979-08-03,chadwick.hemsworth_0644@example.com
645,Chris,Mackie,1968-02-12,chris.mackie_0645@example.com
646,Chris,Brolin,1989-02-16,chris.brolin_0646@example.com
647,Don,Hiddleston,1978-09-23,don.hiddleston_0647@example.com
648,Elizabeth,Olsen,1967-11-22,elizabeth.olsen_0648@example.com
649,Evangeline,Cheadle,1987-11-28,evangeline.cheadle_0649@example.com
650,Jeremy,Holland,1978-06-19,jeremy.holland_0650@example.com
651,Josh,Renner,1965-04-04,josh.renner_0651@example.com
652,Karen,Cumberbatch,1984-11-22,karen.cumberbatch_0652@example.com
653,Mark,Jackson,1976-11-29,mark.jackson_0653@example.com
654,Paul,Rudd,1964-11-29,paul.rudd_0654@example.com
655,Robert,Downey,1983-08-11,robert.downey_0655@example.com
656,Samuel,Johansson,1976-07-19,samuel.johansson_0656@example.com
657,Scarlett,Ruffalo,1948-12-21,scarlett.ruffalo_0657@example.com
658,Tom,Evans,1981-06-13,tom.evans_0658@example.com
659,Tom,Larson,1971-01-07,tom.larson_0659@example.com
660,Zoe,Saldana,1996-06-01,zoe.saldana_0660@example.com
661,Anthony,Gillan,1981-02-09,anthony.gillan_0661@example.com
662,Benedict,Lilly,1969-04-06,benedict.lilly_0662@example.com
663,Brie,Boseman,1989-10-01,brie.boseman_0663@example.com
664,Chadwick,Hemsworth,1979-08-03,chadwick.hemsworth_0664@example.com
665,Chris,Mackie,1968-02-12,chris.mackie_0665@example.com
666,Chris,Brolin,1989-02-16,chris.brolin_0666@example.com
667,Don,Hiddleston,1978-09-23,don.hiddleston_0667@example.com
668,Elizabeth,Olsen,1967-11-22,elizabeth.olsen_0668@example.com
669,Evangeline,Cheadle,1987-11-28,evangeline.cheadle_0669@example.com
670,Jeremy,Holland,1978-06-19,jeremy.holland_0670@example.com
671,Josh,Renner,1965-04-04,josh.renner_0671@example.com
672,Karen,Cumberbatch,1984-11-22,karen.cumberbatch_0672@example.com
673,Mark,Jackson,1976-11-29,mark.jackson_0673@example.com
674,Paul,Rudd,1964-11-29,paul.rudd_0674@example.com
675,Robert,Downey,1983-08-11,robert.downey_0675@example.com
676,Samuel,Johansson,1976-07-19,samuel.johansson_0676@example.com
677,Scarlett,Ruffalo,1948-12-21,scarlett.ruffalo_0677@example.com
678,Tom,Evans,1981-06-13,tom.evans_0678@example.com
679,Tom,Larson,1971-01-07,tom.larson_0679@example.com
680,Zoe,Saldana,1996-06-01,zoe.saldana_0680@example.com
681,Anthony,Gillan,1981-02-09,anthony.gillan_0681@example.com
682,Benedict,Lilly,1969-04-06,benedict.lilly_0682@example.com
683,Brie,Boseman,1989-10-01,brie.boseman_0683@example.com
684,Chadwick,Hemsworth,1979-08-03,chadwick.hemsworth_0684@example.com
685,Chris,Mackie,1968-02-12,chris.mackie_0685@example.com
686,Chris,Brolin,1989-02-16,chris.brolin_0686@example.com
687,Don,Hiddleston,1978-09-23,don.hiddleston_0687@example.com
688,Elizabeth,Olsen,1967-11-22,elizabeth.olsen_0688@example.com
689,Evangeline,Cheadle,1987-11-28,evangeline.cheadle_0689@example.com
690,Jeremy,Holland,1978-06-19,jeremy.holland_0690@example.com
691,Josh,Renner,1965-04-04,josh.renner_0691@example.com
692,Karen,Cumberbatch,1984-11-22,karen.cumberbatch_0692@example.com
693,Mark,Jackson,1976-11-29,mark.jackson_0693@example.com
694,Paul,Rudd,1964-11-29,paul.rudd_0694@example.com
695,Robert,Downey,1983-08-11,robert.downey_0695@example.com
696,Samuel,Johansson,1976-07-19,samuel.johansson_0696@example.com
697,Scarlett,Ruffalo,1948-12-21,scarlett.ruffalo_0697@example.com
698,Tom,Evans,1981-06-13,tom.evans_0698@example.com
699,Tom,Larson,1971-01-07,tom.larson_0699@example.com
700,Zoe,Saldana,1996-06-01,zoe.saldana_0700@example.com
701,Anthony,Gillan,1981-02-09,anthony.gillan_0701@example.com
702,Benedict,Lilly,1969-04-06,benedict.lilly_0702@example.com
703,Brie,Boseman,1989-10-01,brie.boseman_0703@example.com
704,Chadwick,Hemsworth,1979-08-03,chadwick.hemsworth_0704@example.com
705,Chris,Mackie,1968-02-12,chris.mackie_0705@example.com
706,Chris,Brolin,1989-02-16,chris.brolin_0706@example.com
707,Don,Hiddleston,1978-09-23,don.hiddleston_0707@example.com
708,Elizabeth,Olsen,1967-11-22,elizabeth.olsen_0708@example.com
709,Evangeline,Cheadle,1987-11-28,evangeline.cheadle_0709@example.com
710,Jeremy,Holland,1978-06-19,jeremy.holland_0710@example.com
711,Josh,Renner,1965-04-04,josh.renner_0711@example.com
712,Karen,Cumberbatch,1984-11-22,karen.cumberbatch_0712@example.com
713,Mark,Jackson,1976-11-29,mark.jackson_0713@example.com
714,Paul,Rudd,1964-11-29,paul.rudd_0714@example.com
715,Robert,Downey,1983-08-11,robert.downey_0715@example.com
716,Samuel,Johansson,1976-07-19,samuel.johansson_0716@example.com
717,Scarlett,Ruffalo,1948-12-21,scarlett.ruffalo_0717@example.com
718,Tom,Evans,1981-06-13,tom.evans_0718@example.com
719,Tom,Larson,1971-01-07,tom.larson_0719@example.com
720,Zoe,Saldana,1996-06-01,zoe.saldana_0720@example.com
721,Anthony,Gillan,1981-02-09,anthony.gillan_0721@example.com
722,Benedict,Lilly,1969-04-06,benedict.lilly_0722@example.com
723,Brie,Boseman,1989-10-01,brie.boseman_0723@example.com
724,Chadwick,Hemsworth,1979-08-03,chadwick.hemsworth_0724@example.com
725,Chris,Mackie,1968-02-12,chris.mackie_0725@example.com
726,Chris,Brolin,1989-02-16,chris.brolin_0726@example.com
727,Don,Hiddleston,1978-09-23,don.hiddleston_0727@example.com
728,Elizabeth,Olsen,1967-11-22,elizabeth.olsen_0728@example.com
729,Evangeline,Cheadle,1987-11-28,evangeline.cheadle_0729@example.com
730,Jeremy,Holland,1978-06-19,jeremy.holland_0730@example.com
731,Josh,Renner,1965-04-04,josh.renner_0731@example.com
732,Karen,Cumberbatch,1984-11-22,karen.cumberbatch_0732@example.com
733,Mark,Jackson,1976-11-29,mark.jackson_0733@example.com
734,Paul,Rudd,1964-11-29,paul.rudd_0734@example.com
735,Robert,Downey,1983-08-11,robert.downey_0735@example.com
736,Samuel,Johansson,1976-07-19,samuel.johansson_0736@example.com
737,Scarlett,Ruffalo,1948-12-21,scarlett.ruffalo_0737@example.com
738,Tom,Evans,1981-06-13,tom.evans_0738@example.com
739,Tom,Larson,1971-01-07,tom.larson_0739@example.com
740,Zoe,Saldana,1996-06-01,zoe.saldana_0740@example.com
741,Anthony,Gillan,1981-02-09,anthony.gillan_0741@example.com
742,Benedict,Lilly,1969-04-06,benedict.lilly_0742@example.com
743,Brie,Boseman,1989-10-01,brie.boseman_0743@example.com
744,Chadwick,Hemsworth,1979-08-03,chadwick.hemsworth_0744@example.com
745,Chris,Mackie,1968-02-12,chris.mackie_0745@example.com
746,Chris,Brolin,1989-02-16,chris.brolin_0746@example.com
747,Don,Hiddleston,1978-09-23,don.hiddleston_0747@example.com
748,Elizabeth,Olsen,1967-11-22,elizabeth.olsen_0748@example.com
749,Evangeline,Cheadle,1987-11-28,evangeline.cheadle_0749@example.com
750,Jeremy,Holland,1978-06-19,jeremy.holland_0750@example.com
751,Josh,Renner,1965-04-04,josh.renner_0751@example.com
752,Karen,Cumberbatch,1984-11-22,karen.cumberbatch_0752@example.com
753,Mark,Jackson,1976-11-29,mark.jackson_0753@example.com
754,Paul,Rudd,1964-11-29,paul.rudd_0754@example.com
755,Robert,Downey,1983-08-11,robert.downey_0755@example.com
756,Samuel,Johansson,1976-07-19,samuel.johansson_0756@example.com
757,Scarlett,Ruffalo,1948-12-21,scarlett.ruffalo_0757@example.com
758,Tom,Evans,1981-06-13,tom.evans_0758@example.com
759,Tom,Larson,1971-01-07,tom.larson_0759@example.com
760,Zoe,Saldana,1996-06-01,zoe.saldana_0760@example.com
761,Anthony,Gillan,1981-02-09,anthony.gillan_0761@example.com
762,Benedict,Lilly,1969-04-06,benedict.lilly_0762@example.com
763,Brie,Boseman,1989-10-01,brie.boseman_0763@example.com
764,Chadwick,Hemsworth,1979-08-03,chadwick.hemsworth_0764@example.com
765,Chris,Mackie,1968-02-12,chris.mackie_0765@example.com
766,Chris,Brolin,1989-02-16,chris.brolin_0766@example.com
767,Don,Hiddleston,1978-09-23,don.hiddleston_0767@example.com
768,Elizabeth,Olsen,1967-11-22,elizabeth.olsen_0768@example.com
769,Evangeline,Cheadle,1987-11-28,evangeline.cheadle_0769@example.com
770,Jeremy,Holland,1978-06-19,jeremy.holland_0770@example.com
771,Josh,Renner,1965-04-04,josh.renner_0771@example.com
772,Karen,Cumberbatch,1984-11-22,karen.cumberbatch_0772@example.com
773,Mark,Jackson,1976-11-29,mark.jackson_0773@example.com
774,Paul,Rudd,1964-11-29,paul.rudd_0774@example.com
775,Robert,Downey,1983-08-11,robert.downey_0775@example.com
776,Samuel,Johansson,1976-07-19,samuel.johansson_0776@example.com
777,Scarlett,Ruffalo,1948-12-21,scarlett.ruffalo_0777@example.com
778,Tom,Evans,1981-06-13,tom.evans_0778@example.com
779,Tom,Larson,1971-01-07,tom.larson_0779@example.com
780,Zoe,Saldana,1996-06-01,zoe.saldana_0780@example.com
781,Anthony,Gillan,1981-02-09,anthony.gillan_0781@example.com
782,Benedict,Lilly,1969-04-06,benedict.lilly_0782@example.com
783,Brie,Boseman,1989-10-01,brie.boseman_0783@example.com
784,Chadwick,Hemsworth,1979-08-03,chadwick.hemsworth_0784@example.com
785,Chris,Mackie,1968-02-12,chris.mackie_0785@example.com
786,Chris,Brolin,1989-02-16,chris.brolin_0786@example.com
787,Don,Hiddleston,1978-09-23,don.hiddleston_0787@example.com
788,Elizabeth,Olsen,1967-11-22,elizabeth.olsen_0788@example.com
789,Evangeline,Cheadle,1987-11-28,evangeline.cheadle_0789@example.com
790,Jeremy,Holland,1978-06-19,jeremy.holland_0790@example.com
791,Josh,Renner,1965-04-04,josh.renner_0791@example.com
792,Karen,Cumberbatch,1984-11-22,karen.cumberbatch_0792@example.com
793,Mark,Jackson,1976-11-29,mark.jackson_0793@example.com
794,Paul,Rudd,1964-11-29,paul.rudd_0794@example.com
795,Robert,Downey,1983-08-11,robert.downey_0795@example.com
796,Samuel,Johansson,1976-07-19,samuel.johansson_0796@example.com
797,Scarlett,Ruffalo,1948-12-21,scarlett.ruffalo_0797@example.com
798,Tom,Evans,1981-06-13,tom.evans_0798@example.com
799,Tom,Larson,1971-01-07,tom.larson_0799@example.com
800,Zoe,Saldana,1996-06-01,zoe.saldana_0800@example.com
801,Anthony,Gillan,1981-02-09,anthony.gillan_0801@example.com
802,Benedict,Lilly,1969-04-06,benedict.lilly_0802@example.com
803,Brie,Boseman,1989-10-01,brie.boseman_0803@example.com
804,Chadwick,Hemsworth,1979-08-03,chadwick.hemsworth_0804@example.com
805,Chris,Mackie,1968-02-12,chris.mackie_0805@example.com
806,Chris,Brolin,1989-02-16,chris.brolin_0806@example.com
807,Don,Hiddleston,1978-09-23,don.hiddleston_0807@example.com
808,Elizabeth,Olsen,1967-11-22,elizabeth.olsen_0808@example.com
809,Evangeline,Cheadle,1987-11-28,evangeline.cheadle_0809@example.com
810,Jeremy,Holland,1978-06-19,jeremy.holland_0810@example.com
811,Josh,Renner,1965-04-04,josh.renner_0811@example.com
812,Karen,Cumberbatch,1984-11-22,karen.cumberbatch_0812@example.com
813,Mark,Jackson,1976-11-29,mark.jackson_0813@example.com
814,Paul,Rudd,1964-11-29,paul.rudd_0814@example.com
815,Robert,Downey,1983-08-11,robert.downey_0815@example.com
816,Samuel,Johansson,1976-07-19,samuel.johansson_0816@example.com
817,Scarlett,Ruffalo,1948-12-21,scarlett.ruffalo_0817@example.com
818,Tom,Evans,1981-06-13,tom.evans_0818@example.com
819,Tom,Larson,1971-01-07,tom.larson_0819@example.com
820,Zoe,Saldana,1996-06-01,zoe.saldana_0820@example.com
821,Anthony,Gillan,1981-02-09,anthony.gillan_0821@example.com
822,Benedict,Lilly,1969-04-06,benedict.lilly_0822@example.com
823,Brie,Boseman,1989-10-01,brie.boseman_0823@example.com
824,Chadwick,Hemsworth,1979-08-03,chadwick.hemsworth_0824@example.com
825,Chris,Mackie,1968-02-12,chris.mackie_0825@example.com
826,Chris,Brolin,1989-02-16,chris.brolin_0826@example.com
827,Don,Hiddleston,1978-09-23,don.hiddleston_0827@example.com
828,Elizabeth,Olsen,1967-11-22,elizabeth.olsen_0828@example.com
829,Evangeline,Cheadle,1987-11-28,evangeline.cheadle_0829@example.com
830,Jeremy,Holland,1978-06-19,jeremy.holland_0830@example.com
831,Josh,Renner,1965-04-04,josh.renner_0831@example.com
832,Karen,Cumberbatch,1984-11-22,karen.cumberbatch_0832@example.com
833,Mark,Jackson,1976-11-29,mark.jackson_0833@example.com
834,Paul,Rudd,1964-11-29,paul.rudd_0834@example.com
835,Robert,Downey,1983-08-11,robert.downey_0835@example.com
836,Samuel,Johansson,1976-07-19,samuel.johansson_0836@example.com
837,Scarlett,Ruffalo,1948-12-21,scarlett.ruffalo_0837@example.com
838,Tom,Evans,1981-06-13,tom.evans_0838@example.com
839,Tom,Larson,1971-01-07,tom.larson_0839@example.com
840,Zoe,Saldana,1996-06-01,zoe.saldana_0840@example.com
841,Anthony,Gillan,1981-02-09,anthony.gillan_0841@example.com
842,Benedict,Lilly,1969-04-06,benedict.lilly_0842@example.com
843,Brie,Boseman,1989-10-01,brie.boseman_0843@example.com
844,Chadwick,Hemsworth,1979-08-03,chadwick.hemsworth_0844@example.com
845,Chris,Mackie,1968-02-12,chris.mackie_0845@example.com
846,Chris,Brolin,1989-02-16,chris.brolin_0846@example.com
847,Don,Hiddleston,1978-09-23,don.hiddleston_0847@example.com
848,Elizabeth,Olsen,1967-11-22,elizabeth.olsen_0848@example.com
849,Evangeline,Cheadle,1987-11-28,evangeline.cheadle_0849@example.com
850,Jeremy,Holland,1978-06-19,jeremy.holland_0850@example.com
851,Josh,Renner,1965-04-04,josh.renner_0851@example.com
852,Karen,Cumberbatch,1984-11-22,karen.cumberbatch_0852@example.com
853,Mark,Jackson,1976-11-29,mark.jackson_0853@example.com
854,Paul,Rudd,1964-11-29,paul.rudd_0854@example.com
855,Robert,Downey,1983-08-11,robert.downey_0855@example.com
856,Samuel,Johansson,1976-07-19,samuel.johansson_0856@example.com
857,Scarlett,Ruffalo,1948-12-21,scarlett.ruffalo_0857@example.com
858,Tom,Evans,1981-06-13,tom.evans_0858@example.com
859,Tom,Larson,1971-01-07,tom.larson_0859@example.com
860,Zoe,Saldana,1996-06-01,zoe.saldana_0860@example.com
861,Anthony,Gillan,1981-02-09,anthony.gillan_0861@example.com
862,Benedict,Lilly,1969-04-06,benedict.lilly_0862@example.com
863,Brie,Boseman,1989-10-01,brie.boseman_0863@example.com
864,Chadwick,Hemsworth,1979-08-03,chadwick.hemsworth_0864@example.com
865,Chris,Mackie,1968-02-12,chris.mackie_0865@example.com
866,Chris,Brolin,1989-02-16,chris.brolin_0866@example.com
867,Don,Hiddleston,1978-09-23,don.hiddleston_0867@example.com
868,Elizabeth,Olsen,1967-11-22,elizabeth.olsen_0868@example.com
869,Evangeline,Cheadle,1987-11-28,evangeline.cheadle_0869@example.com
870,Jeremy,Holland,1978-06-19,jeremy.holland_0870@example.com
871,Josh,Renner,1965-04-04,josh.renner_0871@example.com
872,Karen,Cumberbatch,1984-11-22,karen.cumberbatch_0872@example.com
873,Mark,Jackson,1976-11-29,mark.jackson_0873@example.com
874,Paul,Rudd,1964-11-29,paul.rudd_0874@example.com
875,Robert,Downey,1983-08-11,robert.downey_0875@example.com
876,Samuel,Johansson,1976-07-19,samuel.johansson_0876@example.com
877,Scarlett,Ruffalo,1948-12-21,scarlett.ruffalo_0877@example.com
878,Tom,Evans,1981-06-13,tom.evans_0878@example.com
879,Tom,Larson,1971-01-07,tom.larson_0879@example.com
880,Zoe,Saldana,1996-06-01,zoe.saldana_0880@example.com
881,Anthony,Gillan,1981-02-09,anthony.gillan_0881@example.com
882,Benedict,Lilly,1969-04-06,benedict.lilly_0882@example.com
883,Brie,Boseman,1989-10-01,brie.boseman_0883@example.com
884,Chadwick,Hemsworth,1979-08-03,chadwick.hemsworth_0884@example.com
885,Chris,Mackie,1968-02-12,chris.mackie_0885@example.com
886,Chris,Brolin,1989-02-16,chris.brolin_0886@example.com
887,Don,Hiddleston,1978-09-23,don.hiddleston_0887@example.com
888,Elizabeth,Olsen,1967-11-22,elizabeth.olsen_0888@example.com
889,Evangeline,Cheadle,1987-11-28,evangeline.cheadle_0889@example.com
890,Jeremy,Holland,1978-06-19,jeremy.holland_0890@example.com
891,Josh,Renner,1965-04-04,josh.renner_0891@example.com
892,Karen,Cumberbatch,1984-11-22,karen.cumberbatch_0892@example.com
893,Mark,Jackson,1976-11-29,mark.jackson_0893@example.com
894,Paul,Rudd,1964-11-29,paul.rudd_0894@example.com
895,Robert,Downey,1983-08-11,robert.downey_0895@example.com
896,Samuel,Johansson,1976-07-19,samuel.johansson_0896@example.com
897,Scarlett,Ruffalo,1948-12-21,scarlett.ruffalo_0897@example.com
898,Tom,Evans,1981-06-13,tom.evans_0898@example.com
899,Tom,Larson,1971-01-07,tom.larson_0899@example.com
900,Zoe,Saldana,1996-06-01,zoe.saldana_0900@example.com
901,Anthony,Gillan,1981-02-09,anthony.gillan_0901@example.com
902,Benedict,Lilly,1969-04-06,benedict.lilly_0902@example.com
903,Brie,Boseman,1989-10-01,brie.boseman_0903@example.com
904,Chadwick,Hemsworth,1979-08-03,chadwick.hemsworth_0904@example.com
905,Chris,Mackie,1968-02-12,chris.mackie_0905@example.com
906,Chris,Brolin,1989-02-16,chris.brolin_0906@example.com
907,Don,Hiddleston,1978-09-23,don.hiddleston_0907@example.com
908,Elizabeth,Olsen,1967-11-22,elizabeth.olsen_0908@example.com
909,Evangeline,Cheadle,1987-11-28,evangeline.cheadle_0909@example.com
910,Jeremy,Holland,1978-06-19,jeremy.holland_0910@example.com
911,Josh,Renner,1965-04-04,josh.renner_0911@example.com
912,Karen,Cumberbatch,1984-11-22,karen.cumberbatch_0912@example.com
913,Mark,Jackson,1976-11-29,mark.jackson_0913@example.com
914,Paul,Rudd,1964-11-29,paul.rudd_0914@example.com
915,Robert,Downey,1983-08-11,robert.downey_0915@example.com
916,Samuel,Johansson,1976-07-19,samuel.johansson_0916@example.com
917,Scarlett,Ruffalo,1948-12-21,scarlett.ruffalo_0917@example.com
918,Tom,Evans,1981-06-13,tom.evans_0918@example.com
919,Tom,Larson,1971-01-07,tom.larson_0919@example.com
920,Zoe,Saldana,1996-06-01,zoe.saldana_0920@example.com
921,Anthony,Gillan,1981-02-09,anthony.gillan_0921@example.com
922,Benedict,Lilly,1969-04-06,benedict.lilly_0922@example.com
923,Brie,Boseman,1989-10-01,brie.boseman_0923@example.com
924,Chadwick,Hemsworth,1979-08-03,chadwick.hemsworth_0924@example.com
925,Chris,Mackie,1968-02-12,chris.mackie_0925@example.com
926,Chris,Brolin,1989-02-16,chris.brolin_0926@example.com
927,Don,Hiddleston,1978-09-23,don.hiddleston_0927@example.com
928,Elizabeth,Olsen,1967-11-22,elizabeth.olsen_0928@example.com
929,Evangeline,Cheadle,1987-11-28,evangeline.cheadle_0929@example.com
930,Jeremy,Holland,1978-06-19,jeremy.holland_0930@example.com
931,Josh,Renner,1965-04-04,josh.renner_0931@example.com
932,Karen,Cumberbatch,1984-11-22,karen.cumberbatch_0932@example.com
933,Mark,Jackson,1976-11-29,mark.jackson_0933@example.com
934,Paul,Rudd,1964-11-29,paul.rudd_0934@example.com
935,Robert,Downey,1983-08-11,robert.downey_0935@example.com
936,Samuel,Johansson,1976-07-19,samuel.johansson_0936@example.com
937,Scarlett,Ruffalo,1948-12-21,scarlett.ruffalo_0937@example.com
938,Tom,Evans,1981-06-13,tom.evans_0938@example.com
939,Tom,Larson,1971-01-07,tom.larson_0939@example.com
940,Zoe,Saldana,1996-06-01,zoe.saldana_0940@example.com
941,Anthony,Gillan,1981-02-09,anthony.gillan_0941@example.com
942,Benedict,Lilly,1969-04-06,benedict.lilly_0942@example.com
943,Brie,Boseman,1989-10-01,brie.boseman_0943@example.com
944,Chadwick,Hemsworth,1979-08-03,chadwick.hemsworth_0944@example.com
945,Chris,Mackie,1968-02-12,chris.mackie_0945@example.com
946,Chris,Brolin,1989-02-16,chris.brolin_0946@example.com
947,Don,Hiddleston,1978-09-23,don.hiddleston_0947@example.com
948,Elizabeth,Olsen,1967-11-22,elizabeth.olsen_0948@example.com
949,Evangeline,Cheadle,1987-11-28,evangeline.cheadle_0949@example.com
950,Jeremy,Holland,1978-06-19,jeremy.holland_0950@example.com
951,Josh,Renner,1965-04-04,josh.renner_0951@example.com
952,Karen,Cumberbatch,1984-11-22,karen.cumberbatch_0952@example.com
953,Mark,Jackson,1976-11-29,mark.jackson_0953@example.com
954,Paul,Rudd,1964-11-29,paul.rudd_0954@example.com
955,Robert,Downey,1983-08-11,robert.downey_0955@example.com
956,Samuel,Johansson,1976-07-19,samuel.johansson_0956@example.com
957,Scarlett,Ruffalo,1948-12-21,scarlett.ruffalo_0957@example.com
958,Tom,Evans,1981-06-13,tom.evans_0958@example.com
959,Tom,Larson,1971-01-07,tom.larson_0959@example.com
960,Zoe,Saldana,1996-06-01,zoe.saldana_0960@example.com
961,Anthony,Gillan,1981-02-09,anthony.gillan_0961@example.com
962,Benedict,Lilly,1969-04-06,benedict.lilly_0962@example.com
963,Brie,Boseman,1989-10-01,brie.boseman_0963@example.com
964,Chadwick,Hemsworth,1979-08-03,chadwick.hemsworth_0964@example.com
965,Chris,Mackie,1968-02-12,chris.mackie_0965@example.com
966,Chris,Brolin,1989-02-16,chris.brolin_0966@example.com
967,Don,Hiddleston,1978-09-23,don.hiddleston_0967@example.com
968,Elizabeth,Olsen,1967-11-22,elizabeth.olsen_0968@example.com
969,Evangeline,Cheadle,1987-11-28,evangeline.cheadle_0969@example.com
970,Jeremy,Holland,1978-06-19,jeremy.holland_0970@example.com
971,Josh,Renner,1965-04-04,josh.renner_0971@example.com
972,Karen,Cumberbatch,1984-11-22,karen.cumberbatch_0972@example.com
973,Mark,Jackson,1976-11-29,mark.jackson_0973@example.com
974,Paul,Rudd,1964-11-29,paul.rudd_0974@example.com
975,Robert,Downey,1983-08-11,robert.downey_0975@example.com
976,Samuel,Johansson,1976-07-19,samuel.johansson_0976@example.com
977,Scarlett,Ruffalo,1948-12-21,scarlett.ruffalo_0977@example.com
978,Tom,Evans,1981-06-13,tom.evans_0978@example.com
979,Tom,Larson,1971-01-07,tom.larson_0979@example.com
980,Zoe,Saldana,1996-06-01,zoe.saldana_0980@example.com
981,Anthony,Gillan,1981-02-09,anthony.gillan_0981@example.com
982,Benedict,Lilly,1969-04-06,benedict.lilly_0982@example.com
983,Brie,Boseman,1989-10-01,brie.boseman_0983@example.com
984,Chadwick,Hemsworth,1979-08-03,chadwick.hemsworth_0984@example.com
985,Chris,Mackie,1968-02-12,chris.mackie_0985@example.com
986,Chris,Brolin,1989-02-16,chris.brolin_0986@example.com
987,Don,Hiddleston,1978-09-23,don.hiddleston_0987@example.com
988,Elizabeth,Olsen,1967-11-22,elizabeth.olsen_0988@example.com
989,Evangeline,Cheadle,1987-11-28,evangeline.cheadle_0989@example.com
990,Jeremy,Holland,1978-06-19,jeremy.holland_0990@example.com
991,Josh,Renner,1965-04-04,josh.renner_0991@example.com
992,Karen,Cumberbatch,1984-11-22,karen.cumberbatch_0992@example.com
993,Mark,Jackson,1976-11-29,mark.jackson_0993@example.com
994,Paul,Rudd,1964-11-29,paul.rudd_0994@example.com
995,Robert,Downey,1983-08-11,robert.downey_0995@example.com
996,Samuel,Johansson,1976-07-19,samuel.johansson_0996@example.com
997,Scarlett,Ruffalo,1948-12-21,scarlett.ruffalo_0997@example.com
998,Tom,Evans,1981-06-13,tom.evans_0998@example.com
999,Tom,Larson,1971-01-07,tom.larson_0999@example.com
1000,Zoe,Saldana,1996-06-01,zoe.saldana_1000@example.com
1001,Anthony,Gillan,1981-02-09,anthony.gillan_1001@example.com
1002,Benedict,Lilly,1969-04-06,benedict.lilly_1002@example.com
1003,Brie,Boseman,1989-10-01,brie.boseman_1003@example.com
1004,Chadwick,Hemsworth,1979-08-03,chadwick.hemsworth_1004@example.com
1005,Chris,Mackie,1968-02-12,chris.mackie_1005@example.com
1006,Chris,Brolin,1989-02-16,chris.brolin_1006@example.com
1007,Don,Hiddleston,1978-09-23,don.hiddleston_1007@example.com
1008,Elizabeth,Olsen,1967-11-22,elizabeth.olsen_1008@example.com
1009,Evangeline,Cheadle,1987-11-28,evangeline.cheadle_1009@example.com
1010,Jeremy,Holland,1978-06-19,jeremy.holland_1010@example.com
1011,Josh,Renner,1965-04-04,josh.renner_1011@example.com
1012,Karen,Cumberbatch,1984-11-22,karen.cumberbatch_1012@example.com
1013,Mark,Jackson,1976-11-29,mark.jackson_1013@example.com
1014,Paul,Rudd,1964-11-29,paul.rudd_1014@example.com
1015,Robert,Downey,1983-08-11,robert.downey_1015@example.com
1016,Samuel,Johansson,1976-07-19,samuel.johansson_1016@example.com
1017,Scarlett,Ruffalo,1948-12-21,scarlett.ruffalo_1017@example.com
1018,Tom,Evans,1981-06-13,tom.evans_1018@example.com
1019,Tom,Larson,1971-01-07,tom.larson_1019@example.com
1020,Zoe,Saldana,1996-06-01,zoe.saldana_1020@example.com
1021,Anthony,Gillan,1981-02-09,anthony.gillan_1021@example.com
1022,Benedict,Lilly,1969-04-06,benedict.lilly_1022@example.com
1023,Brie,Boseman,1989-10-01,brie.boseman_1023@example.com
1024,Chadwick,Hemsworth,1979-08-03,chadwick.hemsworth_1024@example.com
1025,Chris,Mackie,1968-02-12,chris.mackie_1025@example.com
1026,Chris,Brolin,1989-02-16,chris.brolin_1026@example.com
1027,Don,Hiddleston,1978-09-23,don.hiddleston_1027@example.com
1028,Elizabeth,Olsen,1967-11-22,elizabeth.olsen_1028@example.com
1029,Evangeline,Cheadle,1987-11-28,evangeline.cheadle_1029@example.com
1030,Jeremy,Holland,1978-06-19,jeremy.holland_1030@example.com
1031,Josh,Renner,1965-04-04,josh.renner_1031@example.com
1032,Karen,Cumberbatch,1984-11-22,karen.cumberbatch_1032@example.com
1033,Mark,Jackson,1976-11-29,mark.jackson_1033@example.com
1034,Paul,Rudd,1964-11-29,paul.rudd_1034@example.com
1035,Robert,Downey,1983-08-11,robert.downey_1035@example.com
1036,Samuel,Johansson,1976-07-19,samuel.johansson_1036@example.com
1037,Scarlett,Ruffalo,1948-12-21,scarlett.ruffalo_1037@example.com
1038,Tom,Evans,1981-06-13,tom.evans_1038@example.com
1039,Tom,Larson,1971-01-07,tom.larson_1039@example.com
1040,Zoe,Saldana,1996-06-01,zoe.saldana_1040@example.com
1041,Anthony,Gillan,1981-02-09,anthony.gillan_1041@example.com
1042,Benedict,Lilly,1969-04-06,benedict.lilly_1042@example.com
1043,Brie,Boseman,1989-10-01,brie.boseman_1043@example.com
1044,Chadwick,Hemsworth,1979-08-03,chadwick.hemsworth_1044@example.com
1045,Chris,Mackie,1968-02-12,chris.mackie_1045@example.com
1046,Chris,Brolin,1989-02-16,chris.brolin_1046@example.com
1047,Don,Hiddleston,1978-09-23,don.hiddleston_1047@example.com
1048,Elizabeth,Olsen,1967-11-22,elizabeth.olsen_1048@example.com
1049,Evangeline,Cheadle,1987-11-28,evangeline.cheadle_1049@example.com
1050,Jeremy,Holland,1978-06-19,jeremy.holland_1050@example.com
